Cohort,Company,Fiscal Year,Quarter,EBIT,Invested Capital,Risk Free Rate (AveraCompany2 Annual 3-Month T Bill),Capital CharCompany2,EBITDA,Return Volatility,Company Value,Company Value Volatility,Level of Protection,Risk Capital,Cost of Equity,Risk Premium,Risk CharCompany2,Risk Adjusted Profit,RAROC
Industry1,Company11,2008,1,1178,29149,0.021044262,613.4192016,1374,0.203128518,42244.69496,8581.102269,2.771609,23783.46028,0.08973729,0.068693028,1633.757899,-1069.177101,-0.036679718
Industry1,Company11,2008,2,1363,29461,0.016501563,486.1525328,1565,0.203128518,40978.54978,8323.912075,2.771609,23070.62962,0.092953024,0.076451461,1763.783343,-886.9358758,-0.030105423
Industry1,Company11,2008,3,1242,29357,0.015203125,446.3181406,1456,0.203128518,46359.40305,9416.916824,2.771609,26100.01142,0.090885232,0.075682107,1975.303868,-1179.622008,-0.040181967
Industry1,Company11,2008,4,1348,33439,0.003276271,109.5552322,1581,0.203128518,34810.43688,7070.992446,2.771609,19598.0263,0.102279546,0.099003275,1940.268781,-701.8240129,-0.020988188
Industry1,Company11,2009,1,1057,34533,0.002122951,73.31186066,1259,0.203128518,29140.72287,5919.311842,2.771609,16406.01798,0.107858125,0.105735175,1734.693176,-751.0050363,-0.02174746
Industry1,Company11,2009,2,1078,34788,0.001712698,59.58135238,1286,0.203128518,32254.23399,6551.75474,2.771609,18158.9024,0.103348113,0.101635415,1845.587576,-827.1689285,-0.023777421
Industry1,Company11,2009,3,1068,35742,0.0016,57.1872,1283,0.203128518,30755.16279,6247.25063,2.771609,17314.93607,0.100373081,0.098773081,1710.249578,-699.4367782,-0.019569044
Industry1,Company11,2009,4,1244,35111,0.000604839,21.23649194,1473,0.203128518,30917.25,6280.175164,2.771609,17406.19001,0.094076147,0.093471309,1626.979357,-404.2158486,-0.011512513
Industry1,Company11,2010,1,938,36287,0.001098361,39.85621311,1137,0.203128518,33017.86478,6706.869931,2.771609,18588.82106,0.09301119,0.09191283,1708.551144,-810.4073575,-0.02233327
Industry1,Company11,2010,2,1115,36239,0.001482813,53.73564219,1316,0.203128518,29712.98326,6035.554247,2.771609,16728.19647,0.100206009,0.098723196,1651.46102,-590.1966625,-0.016286229
Industry1,Company11,2010,3,877,35551,0.001548438,55.04850156,1090,0.203128518,27932.19018,5673.824389,2.771609,15725.62274,0.095898697,0.094350259,1483.71658,-661.765082,-0.018614528
Industry1,Company11,2010,4,1115,35113,0.001395161,48.98829839,1554,0.203128518,26430.86,5368.861414,2.771609,14880.38461,0.093841841,0.09244668,1375.642153,-309.6304515,-0.008818114
Industry1,Company11,2011,1,864,36677,0.001267742,46.49697097,1110,0.203128518,29074.43494,5905.846872,2.771609,16368.69834,0.083605095,0.082337353,1347.755297,-530.2522675,-0.014457351
Industry1,Company11,2011,2,993,35718,0.000452381,16.15814286,1239,0.203128518,28090.30446,5705.941906,2.771609,15814.63994,0.08322355,0.082771169,1308.996238,-332.1543805,-0.009299356
Industry1,Company11,2011,3,1041,36187,0.00025,9.04675,1288,0.203128518,25797.19612,5240.146209,2.771609,14523.63639,0.091605103,0.091355103,1326.808296,-294.8550458,-0.008148093
Industry1,Company11,2011,4,1082,37908,0.000147541,5.592983607,1351,0.203128518,28843.9,5859.018652,2.771609,16238.90883,0.081426361,0.08127882,1319.879344,-243.4723279,-0.006422716
Industry1,Company11,2012,1,1044,38340,0.000706452,27.08535484,1275,0.203128518,32096.64311,6519.743539,2.771609,18070.17987,0.081537541,0.080831089,1460.632316,-443.7176705,-0.011573231
Industry1,Company11,2012,2,1192,38386,0.000882812,33.88764063,1425,0.203128518,30379.92864,6171.029874,2.771609,17103.68194,0.081823996,0.080941184,1384.392261,-226.2799016,-0.005894855
Industry1,Company11,2012,3,1137,39321,0.001015873,39.94514286,1384,0.203128518,32088.59487,6518.108711,2.771609,18065.64877,0.079138307,0.078122434,1411.33245,-314.2775928,-0.007992614
Industry1,Company11,2012,4,1061,38657,0.000896721,34.66455574,1338,0.203128518,34035.09,6913.497382,2.771609,19161.51157,0.082156293,0.081259572,1557.056228,-530.7207841,-0.01372897
Industry1,Company11,2013,1,1119,39580,0.000863333,34.17073333,1351,0.203128518,34164.52168,6939.788647,2.771609,19234.38067,0.08016889,0.079305557,1525.393275,-440.5640087,-0.011130975
Industry1,Company11,2013,2,1298,38947,0.000515625,20.08204688,1538,0.203128518,38103.78255,7739.964869,2.771609,21452.15629,0.085281053,0.084765428,1818.401213,-540.4832598,-0.013877404
Industry1,Company11,2013,3,1254,38907,0.000321875,12.52319063,1486,0.203128518,44891.50873,9118.745627,2.771609,25273.59745,0.081250133,0.080928258,2045.348209,-803.8713999,-0.020661357
Industry1,Company11,2013,4,834,36188,0.000601613,21.77116774,1120,0.203128518,50957.54,10350.92957,2.771609,28688.72955,0.091062028,0.090460416,2595.194397,-1782.965564,-0.049269525
Industry1,Company11,2014,1,1432,36919,0.000493443,18.2174082,1669,0.203128518,54696.63095,11110.44557,2.771609,30793.81093,0.095645885,0.095152443,2930.106325,-1516.323733,-0.041071636
Industry1,Company11,2014,2,1426,37250,0.000330159,12.2984127,1668,0.203128518,54372.03069,11044.51,2.771609,30611.06332,0.095486288,0.095156129,2912.830285,-1499.128698,-0.040245066
Industry1,Company11,2014,3,1392,36933,0.000264063,9.752620313,1639,0.203128518,60567.69128,12303.02535,2.771609,34099.17579,0.09565641,0.095392347,3252.800411,-1870.553031,-0.0506472
Industry1,Company11,2014,4,1342,37046,0.000225806,8.365225806,1610,0.203128518,65162.98,13236.45954,2.771609,36686.29038,0.090706405,0.090480598,3319.397495,-1985.762721,-0.053602622
Industry1,Company11,2015,1,1356,39752,0.000245902,9.775081967,1600,0.203128518,68572.02441,13928.93368,2.771609,38605.55793,0.094179297,0.093933395,3626.351141,-2280.126223,-0.05735878
Industry1,Company11,2015,2,1445,39848,0.000182813,7.2847125,1691,0.203128518,63779.23374,12955.38121,2.771609,35907.25116,0.09474463,0.094561817,3395.454921,-1957.739633,-0.049130186
Industry1,Company11,2015,3,1192,39617,0.000426563,16.89912656,1428,0.203128518,67766.47827,13765.30428,2.771609,38152.04124,0.091082066,0.090655504,3458.692517,-2283.591643,-0.05764171
Industry1,Company11,2015,4,1100,49304,0.001254839,61.86856774,1400,0.203128518,79967.45,16243.66958,2.771609,45021.10081,0.087600268,0.086345429,3887.366272,-2849.23484,-0.057789121
Industry1,Company11,2016,1,1158,50158,0.002904918,145.7048787,1454,0.203128518,80194.75814,16289.84235,2.771609,45149.07367,0.082873561,0.079968643,3610.510165,-2598.215044,-0.051800611
Industry1,Company11,2016,2,1375,50408,0.00259375,130.74575,1672,0.203128518,86146.5169,17498.81429,2.771609,48499.87116,0.076211181,0.073617431,3570.435924,-2326.181674,-0.046147073
Industry1,Company11,2016,3,1588,48739,0.002982813,145.3792984,1883,0.203128518,83055.44,16870.92842,2.771609,46759.61704,0.076347413,0.0733646,3430.500618,-1987.879916,-0.040786227
Industry1,Company11,2016,4,1767,47806,0.004332787,207.1332098,2094,0.203128518,84772.66,17219.74477,2.771609,47726.39958,0.075976658,0.071643871,3419.30401,-1859.437219,-0.038895478
Industry1,Company11,2017,1,1402,48836,0.00606129,296.0091742,1687,0.203128518,89564.86123,18193.1775,2.771609,50424.3745,0.077429906,0.071368616,3598.717826,-2492.727,-0.051042817
Industry1,Company11,2017,2,1716,48711,0.009080952,442.3422714,2012,0.203128518,92736.75635,18837.47986,2.771609,52210.12871,0.076629974,0.067549022,3526.743108,-2253.085379,-0.046254139
Industry1,Company11,2017,3,1677,48946,0.010539683,515.8753016,1976,0.203128518,99337.9,20178.36038,2.771609,55926.52524,0.076222353,0.06568267,3673.403513,-2512.278814,-0.051327561
Industry1,Company11,2017,4,1949,46620,0.012266129,571.8469355,2264,0.203128518,102654.2,20851.99548,2.771609,57793.57835,0.071012987,0.058746858,3395.191163,-2018.038098,-0.04328696
Industry1,Company11,2018,1,1725,46634,0.015821311,737.8110393,2004,0.203128518,107927.4204,21923.13693,2.771609,60762.36363,0.079607695,0.063786383,3875.811404,-2888.622443,-0.061942412
Industry1,Company11,2018,2,1795,45125,0.018746875,845.9527344,2082,0.203128518,97835.54,19873.18822,2.771609,55080.70733,0.087938519,0.069191644,3811.124703,-2862.077438,-0.063425539
Industry1,Company11,2018,3,1963,45495,0.020746032,943.8407143,2254,0.203128518,112486.6,22849.23632,2.771609,63329.14903,0.081913001,0.061166969,3873.652085,-2854.4928,-0.062743
Industry1,Company11,2018,4,1851,44876,0.023567213,1057.602256,2155,0.203128518,86964.04,17664.87654,2.771609,48960.1308,0.096743346,0.073176132,3582.713015,-2789.315271,-0.062156058
Industry1,Company12,2008,1,5705,833890,0.021044262,17548.59989,8387,1.190261246,386134.474,459600.9001,2.771609,1273833.991,0.103389141,0.082344879,104893.7055,-116737.3054,-0.139991252
Industry1,Company12,2008,2,6910,846988,0.016501563,13976.62542,9584,1.190261246,285157.8673,339412.3584,2.771609,940718.3473,0.113628534,0.097126971,91369.12377,-98435.74919,-0.116218588
Industry1,Company12,2008,3,4860,829550,0.015203125,12611.75234,7720,1.190261246,273815.128,325911.5354,2.771609,903299.3447,0.113608752,0.098405627,88889.73837,-96641.49071,-0.116498693
Industry1,Company12,2008,4,2963,797769,0.003276271,2613.707588,6239,1.190261246,180935.7314,215360.7891,2.771609,596895.9013,0.107883881,0.104607609,62439.85328,-62090.56087,-0.07783025
Industry1,Company12,2009,1,2832,760807,0.002122951,1615.155844,5563,1.190261246,126564.6033,150644.9423,2.771609,417528.878,0.137412114,0.135289163,56487.13243,-55270.28828,-0.072646924
Industry1,Company12,2009,2,3307,778168,0.001712698,1332.767098,5811,1.190261246,144206.5882,171643.5134,2.771609,475728.7065,0.132073692,0.130360994,62016.46696,-60042.23406,-0.077158447
Industry1,Company12,2009,3,2169,787846,0.0016,1260.5536,4827,1.190261246,190845.8679,227156.4405,2.771609,629588.8349,0.132104956,0.130504956,82164.46315,-81256.01675,-0.103136929
Industry1,Company12,2009,4,2816,781901,0.000604839,472.9239919,5542,1.190261246,173430.3248,206427.3944,2.771609,572136.0242,0.120317475,0.119712636,68491.91155,-66148.83554,-0.084600014
Industry1,Company12,2010,1,3030,777355,0.001098361,853.8161475,5505,1.190261246,204741.6276,243696.0248,2.771609,675430.0955,0.117922022,0.116823661,78906.21677,-76730.03292,-0.098706554
Industry1,Company12,2010,2,4473,749930,0.001482813,1112.005578,6836,1.190261246,158544.3924,188709.246,2.771609,523028.2447,0.136268268,0.134785456,70496.60036,-67135.60594,-0.089522497
Industry1,Company12,2010,3,3832,758824,0.001548438,1174.991538,6443,1.190261246,176176.1675,209695.6646,2.771609,581194.3913,0.131669993,0.130121555,75625.9181,-72968.90963,-0.096160519
Industry1,Company12,2010,4,3794,747793,0.001395161,1043.291847,6131,1.190261246,190826.227,227133.0627,2.771609,629524.0409,0.163767411,0.16237225,102217.2348,-99466.52665,-0.13301345
Industry1,Company12,2011,1,4021,727837,0.001267742,922.7094871,6313,1.190261246,210340.2124,250359.8032,2.771609,693899.4838,0.131699046,0.130431304,90506.21426,-87407.92374,-0.120092718
Industry1,Company12,2011,2,4708,739835,0.000452381,334.6872619,7010,1.190261246,200093.3558,238163.367,2.771609,660095.7314,0.128168266,0.127715885,84304.71051,-79931.39777,-0.108039492
Industry1,Company12,2011,3,3942,737700,0.00025,184.425,6292,1.190261246,165552.8822,197051.1799,2.771609,546148.8235,0.133234594,0.132984594,72629.37968,-68871.80468,-0.09336018
Industry1,Company12,2011,4,4364,718320,0.000147541,105.9816393,6406,1.190261246,194833.7345,231903.0435,2.771609,642744.5626,0.124291482,0.124143941,79792.84328,-75534.82491,-0.10515484
Industry1,Company12,2012,1,3539,707719,0.000706452,499.969229,5759,1.190261246,218421.4522,259978.5898,2.771609,720558.9993,0.122515626,0.121809174,87770.69688,-84731.66611,-0.119725012
Industry1,Company12,2012,2,4017,694121,0.000882812,612.7786953,6290,1.190261246,227473.309,270752.6641,2.771609,750420.5207,0.123024077,0.122141265,91657.31152,-88253.09021,-0.127143668
Industry1,Company12,2012,3,3411,698880,0.001015873,709.9733333,5617,1.190261246,247845.873,295001.3376,2.771609,817628.3623,0.115447853,0.11443198,93562.83263,-90861.80597,-0.130010597
Industry1,Company12,2012,4,4695,684999,0.000896721,614.2532016,7188,1.190261246,225929.0688,268914.6149,2.771609,745326.1668,0.116139695,0.115242974,85893.60412,-81812.85732,-0.119435003
Industry1,Company12,2013,1,2745,670690,0.000863333,579.0290333,5054,1.190261246,234594.5744,279228.8304,2.771609,773913.1394,0.111013616,0.110150283,85246.7511,-83080.78013,-0.123873593
Industry1,Company12,2013,2,3841,660541,0.000515625,340.5914531,6106,1.190261246,235779.8814,280639.6554,2.771609,777823.3946,0.11197062,0.111454995,86692.30288,-83191.89433,-0.125945088
Industry1,Company12,2013,3,3478,661438,0.000321875,212.9003563,6055,1.190261246,257094.9454,306010.15,2.771609,848140.4859,0.10903048,0.108708605,92200.16927,-88935.06962,-0.134457152
Industry1,Company12,2013,4,3828,656560,0.000601613,394.9949677,1878,1.190261246,287578.4944,342293.5371,2.771609,948703.848,0.100956299,0.100354686,95206.87651,-91773.87148,-0.13977987
Industry1,Company12,2014,1,3377,652252,0.000493443,321.8489377,5652,1.190261246,269844.8359,321185.8505,2.771609,890201.594,0.105595559,0.105102116,93562.07113,-90506.92007,-0.138760663
Industry1,Company12,2014,2,3013,651869,0.000330159,215.2202413,3133,1.190261246,275855.9971,328340.7028,2.771609,910032.047,0.102167601,0.101837442,92675.33561,-89877.55585,-0.137876714
Industry1,Company12,2014,3,3210,650021,0.000264063,171.6461703,4635,1.190261246,271488.959,323142.7866,2.771609,895625.4557,0.101007192,0.10074313,90228.11169,-87189.75787,-0.134133755
Industry1,Company12,2014,4,4173,654954,0.000225806,147.8928387,5306,1.190261246,263265.9926,313355.3084,2.771609,868498.3928,0.095545091,0.095319284,82784.64522,-78759.53806,-0.120252015
Industry1,Company12,2015,1,1757,617631,0.000245902,151.8764754,2858,1.190261246,261417.7985,311155.4745,2.771609,862401.3136,0.09746639,0.097220488,83843.07665,-82237.95312,-0.133150624
Industry1,Company12,2015,2,2121,610926,0.000182813,111.6849094,3309,1.190261246,280550.1185,333927.9336,2.771609,925517.6662,0.102863161,0.102680349,95032.47681,-93023.16172,-0.152265842
Industry1,Company12,2015,3,2361,581310,0.000426563,247.9650469,3626,1.190261246,267524.0076,318423.4586,2.771609,882545.3236,0.105514611,0.105088049,92744.9659,-90631.93095,-0.155909809
Industry1,Company12,2015,4,2185,493071,0.001254839,618.7245774,3478,1.190261246,389589.8212,463713.666,2.771609,1285232.97,0.098536213,0.097281374,125029.2296,-123462.9542,-0.250395895
Industry1,Company12,2016,1,545,462193,0.002904918,1342.63278,1755,1.190261246,380661.936,453087.1502,2.771609,1255780.423,0.099260093,0.096355175,121000.9425,-121798.5753,-0.263523193
Industry1,Company12,2016,2,4192,401461,0.00259375,1041.289469,5487,1.190261246,366350.6148,436052.9393,2.771609,1208568.251,0.096146007,0.093552257,113064.2873,-109913.5768,-0.273783946
Industry1,Company12,2016,3,2417,387694,0.002982813,1156.418509,3553,1.190261246,340529.0718,405318.5573,2.771609,1123384.561,0.096457943,0.093475131,105008.5187,-103747.9372,-0.267602638
Industry1,Company12,2016,4,3111,365183,0.004332787,1582.260113,4467,1.190261246,349594.6024,416108.907,2.771609,1153291.192,0.09593531,0.091602523,105644.3829,-104115.643,-0.285105394
Industry1,Company12,2017,1,-250,351643,0.00606129,2131.410313,1482,1.190261246,329413.0974,392087.6437,2.771609,1086713.642,0.09911459,0.0930533,101122.2905,-103503.7008,-0.294343129
Industry1,Company12,2017,2,797,355473,0.009080952,3228.033386,2466,1.190261246,306247.1215,364514.0803,2.771609,1010290.506,0.096812546,0.087731593,88634.39591,-91065.42929,-0.256181002
Industry1,Company12,2017,3,-1417,378038,0.010539683,3984.400508,1154,1.190261246,301814.0153,359237.5259,2.771609,995665.9599,0.094646962,0.08410728,83742.75525,-89144.15575,-0.235807394
Industry1,Company12,2017,4,-11853,369245,0.012266129,4529.206815,-9852,1.190261246,234640.964,279284.0461,2.771609,774066.1757,0.09715698,0.084890851,65711.1364,-82093.34321,-0.222327569
Industry1,Company12,2018,1,207,358110,0.015821311,5665.769852,2120,1.190261246,201683.3562,240055.8829,2.771609,665341.0455,0.103841346,0.088020034,58563.34147,-64022.11133,-0.178777781
Industry1,Company12,2018,2,467,342769,0.018746875,6425.847597,2420,1.190261246,194652.6124,231687.461,2.771609,642147.052,0.106572636,0.087825761,56397.05374,-62355.90133,-0.181918147
Industry1,Company12,2018,3,-22942,311691,0.020746032,6466.351381,-20460,1.190261246,169872.7184,202192.9134,2.771609,560399.6985,0.103100931,0.082354899,46151.66073,-75560.01211,-0.242419615
Industry1,Company12,2018,4,440,309129,0.023567213,7285.309023,2316,1.190261246,134363.8584,159928.0935,2.771609,443258.1433,0.08907579,0.065508577,29037.21002,-35882.51905,-0.116076198
Industry1,Company13,2008,1,1799,60360,0.021044262,1270.231672,2161,0.474189008,52367.8676,24832.26718,2.913851,72357.52655,0.105197813,0.08415355,6089.142761,-5560.374434,-0.092120186
Industry1,Company13,2008,2,1245,58510,0.016501563,965.5064219,1607,0.474189008,47559.82318,22552.34536,2.913851,65714.17409,0.112255394,0.095753831,6292.383923,-6012.890345,-0.102766883
Industry1,Company13,2008,3,1147,56519,0.015203125,859.2654219,1497,0.474189008,43316.2844,20540.10592,2.913851,59850.80818,0.117188039,0.101984914,6103.879544,-5816.144966,-0.102906013
Industry1,Company13,2008,4,-245,53779,0.003276271,176.1945881,172,0.474189008,34022.56749,16133.12752,2.913851,47009.52976,0.118820053,0.115543782,5431.65887,-5852.853458,-0.108831578
Industry1,Company13,2009,1,1025,55340,0.002122951,117.4840984,1409,0.474189008,29785.00118,14123.72016,2.913851,41154.4161,0.132244851,0.1301219,5355.090836,-4447.574935,-0.080368177
Industry1,Company13,2009,2,1529,57712,0.001712698,98.84325079,1910,0.474189008,34134.75458,16186.32541,2.913851,47164.54047,0.126328228,0.124615529,5877.434168,-4447.277419,-0.077059839
Industry1,Company13,2009,3,-2151,58667,0.0016,93.8672,-1717,0.474189008,42494.26176,20150.31182,2.913851,58715.00625,0.125282868,0.123682868,7262.040387,-9506.907587,-0.16204864
Industry1,Company13,2009,4,1693,62053,0.000604839,37.53205645,2160,0.474189008,41112.13865,19494.92424,2.913851,56805.30448,0.113818933,0.113214094,6431.16109,-4775.693146,-0.076961519
Industry1,Company13,2010,1,1174,62970,0.001098361,69.16377049,1579,0.474189008,55593.65352,26361.8994,2.913851,76814.64693,0.112937335,0.111838974,8590.871306,-7486.035077,-0.118882564
Industry1,Company13,2010,2,1307,63755,0.001482813,94.53671094,1756,0.474189008,48898.19691,23186.98748,2.913851,67563.42665,0.129805496,0.128322684,8669.920236,-7457.456947,-0.116970543
Industry1,Company13,2010,3,1387,65222,0.001548438,100.9921906,1803,0.474189008,51350.76102,24349.96642,2.913851,70952.174,0.125465866,0.123917429,8792.210957,-7506.203148,-0.115086982
Industry1,Company13,2010,4,1103,68565,0.001395161,95.65923387,1560,0.474189008,49983.00887,23701.39338,2.913851,69062.32881,0.134065466,0.132670304,9162.52019,-8155.179424,-0.118940851
Industry1,Company13,2011,1,1000,68760,0.001267742,87.16993548,1380,0.474189008,58569.12175,27772.83373,2.913851,80925.89935,0.123541005,0.122273263,9895.073772,-8982.243707,-0.130631817
Industry1,Company13,2011,2,1534,72119,0.000452381,32.6252619,1963,0.474189008,57667.43695,27345.26471,2.913851,79680.02692,0.121849706,0.121397325,9672.942139,-8171.567401,-0.113306721
Industry1,Company13,2011,3,1714,74163,0.00025,18.54075,2131,0.474189008,48192.87701,22852.53254,2.913851,66588.87478,0.137203057,0.136953057,9119.549954,-7424.090704,-0.100105048
Industry1,Company13,2011,4,1597,79986,0.000147541,11.80121311,2031,0.474189008,55816.09495,26467.37869,2.913851,77121.99785,0.127557217,0.127409676,9826.088766,-8240.889979,-0.103029155
Industry1,Company13,2012,1,1565,80205,0.000706452,56.66095161,1991,0.474189008,56883.73834,26973.64345,2.913851,78597.17793,0.121938849,0.121232397,9528.52428,-8020.185232,-0.099996075
Industry1,Company13,2012,2,1548,81595,0.000882812,72.03308594,1970,0.474189008,56807.13478,26937.31888,2.913851,78491.33355,0.123355727,0.122472914,9613.062345,-8137.095431,-0.099725417
Industry1,Company13,2012,3,1559,83654,0.001015873,84.98184127,2024,0.474189008,52563.73725,24925.14642,2.913851,72628.16281,0.117411621,0.116395748,8453.609355,-6979.591196,-0.08343404
Industry1,Company13,2012,4,1624,88896,0.000896721,79.7149377,2122,0.474189008,53895.31682,25556.56681,2.913851,74468.02775,0.116738268,0.115841546,8626.491499,-7082.206436,-0.079668449
Industry1,Company13,2013,1,1528,90447,0.000863333,78.08591,1957,0.474189008,62517.88738,29645.29499,2.913851,86381.97245,0.111715021,0.110851688,9575.587446,-8125.673356,-0.089839059
Industry1,Company13,2013,2,1716,92091,0.000515625,47.48442188,2152,0.474189008,72602.28271,34427.2044,2.913851,100315.744,0.112963728,0.112448103,11280.31514,-9611.799564,-0.104372844
Industry1,Company13,2013,3,1803,94633,0.000321875,30.45999688,2261,0.474189008,82150.43146,38954.83159,2.913851,113508.575,0.104168426,0.103846551,11787.47405,-10014.93404,-0.105829193
Industry1,Company13,2013,4,1515,92663,0.000601613,55.74725645,2036,0.474189008,96508.71849,45763.37347,2.913851,133347.6515,0.098170794,0.097569181,13010.62113,-11551.36838,-0.124659987
Industry1,Company13,2014,1,1542,91575,0.000493443,45.1870082,1990,0.474189008,88525.8889,41978.00343,2.913851,122317.6473,0.102915548,0.102422105,12528.03094,-11031.21794,-0.12046102
Industry1,Company13,2014,2,1787,92737,0.000330159,30.61793016,2239,0.474189008,89454.20556,42418.20098,2.913851,123600.3173,0.096829264,0.096499106,11927.32006,-10170.93799,-0.109675081
Industry1,Company13,2014,3,2119,92653,0.000264063,24.46618281,2597,0.474189008,89858.1169,42609.7313,2.913851,124158.4081,0.09751566,0.097251597,12074.6035,-9980.069684,-0.10771448
Industry1,Company13,2014,4,2025,92921,0.000225806,20.98216129,2553,0.474189008,87963.44734,41711.29982,2.913851,121540.5127,0.099204793,0.098978986,12029.95672,-10025.93888,-0.107897449
Industry1,Company13,2015,1,2019,97775,0.000245902,24.04303279,2478,0.474189008,103687.063,49167.26552,2.913851,143266.0858,0.091840997,0.091595095,13122.47072,-11127.51376,-0.113807351
Industry1,Company13,2015,2,1683,98102,0.000182813,17.93427188,2136,0.474189008,93911.64074,44531.86774,2.913851,129759.2274,0.095037853,0.094855041,12308.3168,-10643.25107,-0.108491683
Industry1,Company13,2015,3,2580,98998,0.000426563,42.22883438,3017,0.474189008,87067.3368,41286.37405,2.913851,120302.3423,0.099982718,0.099556156,11976.83875,-9439.067588,-0.095346043
Industry1,Company13,2015,4,1161,94408,0.001254839,118.4668129,1645,0.474189008,94361.13596,44745.01344,2.913851,130380.3022,0.098084549,0.09682971,12624.68684,-11582.15366,-0.122681909
Industry1,Company13,2016,1,1788,91547,0.002904918,265.9365311,2231,0.474189008,82893.11623,39307.00454,2.913851,114534.7545,0.10297563,0.100070712,11461.57443,-9939.510958,-0.108572765
Industry1,Company13,2016,2,-419,89609,0.00259375,232.4233438,28,0.474189008,83092.22599,39401.4202,2.913851,114809.8677,0.095605776,0.093012026,10678.69845,-11330.12179,-0.126439552
Industry1,Company13,2016,3,2282,88950,0.002982813,265.3211719,2756,0.474189008,82390.72598,39068.77661,2.913851,113840.5938,0.094350756,0.091367944,10401.38095,-8384.702123,-0.094263093
Industry1,Company13,2016,4,2876,89997,0.004332787,389.9378213,3401,0.474189008,96061.15969,45551.146,2.913851,132729.2523,0.091489271,0.087156484,11568.21491,-9082.152734,-0.100916172
Industry1,Company13,2017,1,2206,89673,0.00606129,543.5340871,2674,0.474189008,108794.4363,51589.12579,2.913851,150323.0258,0.102917842,0.096856552,14559.76993,-12897.30402,-0.143825946
Industry1,Company13,2017,2,2530,90036,0.009080952,817.6126286,3018,0.474189008,117813.0137,55865.63606,2.913851,162784.1395,0.10466554,0.095584588,15559.65485,-13847.26748,-0.153797009
Industry1,Company13,2017,3,2630,91007,0.010539683,959.1848889,3144,0.474189008,152647.5825,72383.80567,2.913851,210915.6245,0.101987764,0.091448081,19287.82917,-17617.01406,-0.19357867
Industry1,Company13,2017,4,2978,112362,0.012266129,1378.24679,3555,0.474189008,175485.2622,83213.18239,2.913851,242470.8147,0.099213939,0.08694781,21082.30622,-19482.55301,-0.173390942
Industry1,Company13,2018,1,2875,113549,0.015821311,1796.494097,3376,0.474189008,194191.7658,92083.60073,2.913851,268317.8921,0.100303891,0.084482579,22668.1876,-21589.68169,-0.190135375
Industry1,Company13,2018,2,2710,113195,0.018746875,2122.052516,3217,0.474189008,195629.7335,92765.46922,2.913851,270304.7552,0.10733974,0.088592865,23947.07274,-23359.12526,-0.206361812
Industry1,Company13,2018,3,2227,114659,0.020746032,2378.719254,2750,0.474189008,213576.7404,101275.7426,2.913851,295102.4239,0.100851646,0.080105614,23639.36098,-23791.08023,-0.207494224
Industry1,Company13,2018,4,4175,117359,0.023567213,2765.824564,4758,0.474189008,188418.2835,89345.87889,2.913851,260340.5785,0.114788014,0.091220801,23748.47619,-22339.30075,-0.190350129
Industry1,Company14,2008,1,8.512,330.372,0.021044262,6.952435023,10.924,1.779364318,304.9602991,542.6354745,1.78507,968.6423065,0.091671752,0.07062749,68.41277446,-66.85320948,-0.202357371
Industry1,Company14,2008,2,9.614,336.092,0.016501563,5.546043144,12.204,1.779364318,273.8914488,487.3526709,1.78507,869.9586323,0.103003149,0.086501586,75.25280183,-71.18484497,-0.211801664
Industry1,Company14,2008,3,9.339,345.791,0.015203125,5.257103797,11.746,1.779364318,257.0222288,457.3361829,1.78507,816.3771,0.10341509,0.088211965,72.01422835,-67.93233215,-0.196454888
Industry1,Company14,2008,4,3.89,366.186,0.003276271,1.199724641,6.444,1.779364318,202.7544862,360.774098,1.78507,644.0070192,0.142392357,0.139116085,89.59173552,-86.90146016,-0.237315081
Industry1,Company14,2009,1,4.497,380.955,0.002122951,0.80874873,7.099,1.779364318,226.0567202,402.2372617,1.78507,718.0216688,0.153791018,0.151668067,108.9009588,-105.2127076,-0.276181459
Industry1,Company14,2009,2,7.593,376.402,0.001712698,0.644663108,10.245,1.779364318,236.0634328,420.0428491,1.78507,749.8058886,0.144075374,0.142362675,106.7443723,-99.79603545,-0.265131523
Industry1,Company14,2009,3,9.891,374.826,0.0016,0.5997216,13.083,1.779364318,240.6134108,428.1389176,1.78507,764.2579377,0.139873294,0.138273294,105.6764627,-96.38518434,-0.257146474
Industry1,Company14,2009,4,-5.699,353.909,0.000604839,0.214057863,-0.583,1.779364318,205.1504705,365.0374269,1.78507,651.6173597,0.126943228,0.12633839,82.32428792,-88.23734578,-0.24932213
Industry1,Company14,2010,1,6.855,348.612,0.001098361,0.382901705,10.312,1.779364318,257.8798308,458.8621692,1.78507,819.1010924,0.123732312,0.122633952,100.4496039,-93.9775056,-0.269576221
Industry1,Company14,2010,2,9.027,346.777,0.001482813,0.51420527,12.41,1.779364318,201.6050446,358.7288227,1.78507,640.3560596,0.146063565,0.144580752,92.58316067,-84.07036594,-0.242433512
Industry1,Company14,2010,3,6.232,350.431,0.001548438,0.542620502,9.462,1.779364318,250.9134177,446.4663824,1.78507,796.9737452,0.141588212,0.140039774,111.6080235,-105.918644,-0.302252495
Industry1,Company14,2010,4,4.354,345.452,0.001395161,0.481961258,7.881,1.779364318,221.8575745,394.7654518,1.78507,704.683965,0.136534256,0.135139095,95.23035321,-91.35831446,-0.264460227
Industry1,Company14,2011,1,4.259,357.51,0.001267742,0.453230419,7.67,1.779364318,274.1388972,487.7929718,1.78507,870.7446002,0.111499936,0.110232194,95.98408783,-92.17831825,-0.257834238
Industry1,Company14,2011,2,-2.593,872.919,0.000452381,0.394891929,1.013,1.779364318,582.6482095,1036.743434,1.78507,1850.659601,0.116611679,0.116159298,214.9713206,-217.9592125,-0.249690077
Industry1,Company14,2011,3,9.632,860.829,0.00025,0.21520725,17.087,1.779364318,531.2320253,945.2553102,1.78507,1687.346897,0.137288749,0.137038749,231.2319073,-221.8151146,-0.257676164
Industry1,Company14,2011,4,-45.425,808.087,0.000147541,0.119225951,-38.439,1.779364318,485.1831783,863.317635,1.78507,1541.082411,0.123576266,0.123428725,190.2138374,-235.7580634,-0.291748368
Industry1,Company14,2012,1,11.859,794.444,0.000706452,0.561236245,18.663,1.779364318,486.1827557,865.0962474,1.78507,1544.257358,0.123055062,0.12234861,188.9377419,-177.6399781,-0.223602895
Industry1,Company14,2012,2,14.012,804.635,0.000882812,0.710341836,21.015,1.779364318,457.9416447,814.8450221,1.78507,1454.555404,0.131988178,0.131105366,190.7000184,-177.3983603,-0.220470599
Industry1,Company14,2012,3,14.24,795.251,0.001015873,0.807874032,21.894,1.779364318,495.980804,882.530545,1.78507,1575.3788,0.124454662,0.123438789,194.4628516,-181.0307256,-0.227639733
Industry1,Company14,2012,4,14.702,780.089,0.000896721,0.699522431,22.654,1.779364318,490.5243501,872.8215255,1.78507,1558.047521,0.121587674,0.120690953,188.04224,-174.0397624,-0.223102444
Industry1,Company14,2013,1,10.302,765.608,0.000863333,0.660974907,17.335,1.779364318,538.0862335,957.4514438,1.78507,1709.117849,0.12041032,0.119546987,204.3198887,-194.6788636,-0.25428008
Industry1,Company14,2013,2,15.043,772.826,0.000515625,0.398488406,22.183,1.779364318,544.2459888,968.4118926,1.78507,1728.683017,0.116878909,0.116363284,201.1552331,-186.5107215,-0.241335982
Industry1,Company14,2013,3,11.953,760.046,0.000321875,0.244639806,19.155,1.779364318,607.933061,1081.734396,1.78507,1930.971619,0.109182009,0.108860134,210.2058287,-198.4974685,-0.261165072
Industry1,Company14,2013,4,-0.109,762.645,0.000601613,0.458817073,9.442,1.779364318,606.3354367,1078.891641,1.78507,1925.897101,0.110711,0.110109388,212.0593504,-212.6271674,-0.278802283
Industry1,Company14,2014,1,14.828,753.162,0.000493443,0.371642233,22.254,1.779364318,553.944575,985.6692107,1.78507,1759.488538,0.106104758,0.105611315,185.8218984,-171.3655406,-0.227528129
Industry1,Company14,2014,2,16.81,759.254,0.000330159,0.250674337,24.509,1.779364318,560.0753339,996.5780645,1.78507,1778.961606,0.088125948,0.08779579,156.1853387,-139.6260131,-0.18389895
Industry1,Company14,2014,3,10.062,755.671,0.000264063,0.199544373,16.766,1.779364318,591.6849867,1052.823153,1.78507,1879.363025,0.073156622,0.072892559,136.991581,-127.1291253,-0.168233431
Industry1,Company14,2014,4,10.067,747.599,0.000225806,0.168812677,17.262,1.779364318,521.298335,927.5796563,1.78507,1655.794617,0.060286375,0.060060568,99.44796578,-89.54977845,-0.11978317
Industry1,Company14,2015,1,3.627,725.927,0.000245902,0.178506639,10.541,1.779364318,525.3512525,934.791273,1.78507,1668.667858,0.062177278,0.061931376,103.3428966,-99.89440327,-0.137609434
Industry1,Company14,2015,2,10.839,709.97,0.000182813,0.129791391,17.353,1.779364318,509.8280946,907.1699198,1.78507,1619.361809,0.074055079,0.073872267,119.6259273,-108.9167187,-0.153410311
Industry1,Company14,2015,3,-1.177,692.401,0.000426563,0.295352302,5.459,1.779364318,467.0230388,831.0041309,1.78507,1483.400544,0.078926184,0.078499621,116.4463811,-117.9187334,-0.170304106
Industry1,Company14,2015,4,-88.598,561.42,0.001254839,0.704491548,-81.816,1.779364318,419.359638,746.1935761,1.78507,1332.007767,0.093931981,0.092677143,123.4466738,-212.7491654,-0.378948319
Industry1,Company14,2016,1,4.293,519.374,0.002904918,1.508738898,10.148,1.779364318,346.153648,615.9334498,1.78507,1099.484323,0.113987339,0.111082421,122.1333805,-119.3491194,-0.229794174
Industry1,Company14,2016,2,7.266,520.299,0.00259375,1.349525531,12.742,1.779364318,396.2489122,705.0711753,1.78507,1258.601403,0.105136647,0.102542897,129.0606341,-123.1441596,-0.236679601
Industry1,Company14,2016,3,8.052,520.982,0.002982813,1.553991622,14.141,1.779364318,422.3633716,751.5383125,1.78507,1341.548496,0.113571695,0.110588882,148.3603488,-141.8623404,-0.272297969
Industry1,Company14,2016,4,8.957,515.429,0.004332787,2.233244011,14.397,1.779364318,445.5808603,792.8506835,1.78507,1415.29397,0.118230045,0.113897258,161.198103,-154.4743471,-0.299700535
Industry1,Company14,2017,1,4.1,517.971,0.00606129,3.13957261,9.882,1.779364318,479.4865865,853.1813229,1.78507,1522.988384,0.128602948,0.122541658,186.6295217,-185.6690943,-0.358454613
Industry1,Company14,2017,2,6.623,535.772,0.009080952,4.865320019,12.371,1.779364318,519.6565025,924.658238,1.78507,1650.579681,0.128989969,0.119909017,197.9193864,-196.1617064,-0.366129074
Industry1,Company14,2017,3,7.195,593.849,0.010539683,6.258979937,12.814,1.779364318,581.6685899,1035.000334,1.78507,1847.548045,0.137315668,0.126775986,234.2247244,-233.2887044,-0.39284179
Industry1,Company14,2017,4,-2.741,566.753,0.012266129,6.951865427,2.955,1.779364318,536.3243265,954.3163693,1.78507,1703.521521,0.123053492,0.110787363,188.7286577,-198.4215232,-0.35010229
Industry1,Company14,2018,1,5.256,597.569,0.015821311,9.454325277,11.237,1.779364318,553.6672332,985.1757186,1.78507,1758.60762,0.10360287,0.087781558,154.3733169,-158.5716422,-0.265361226
Industry1,Company14,2018,2,5.596,631.893,0.018746875,11.84601908,11.93,1.779364318,604.9034623,1076.343636,1.78507,1921.348735,0.120985958,0.102239083,196.4369334,-202.6869525,-0.320761509
Industry1,Company14,2018,3,6.787,642.565,0.020746032,13.33067389,13.107,1.779364318,691.7980033,1230.960682,1.78507,2197.350985,0.107642393,0.086896361,190.9418055,-197.4854794,-0.307339303
Industry1,Company14,2018,4,6.279,648.143,0.023567213,15.27492421,12.94,1.779364318,634.0186493,1128.150161,1.78507,2013.827009,0.118077187,0.094509974,190.3267386,-199.3226628,-0.307528837
Industry1,Company15,2008,1,368,14485,0.021044262,304.8261393,419,0.278236595,17470.56383,4860.950196,2.478327,12047.02412,0.090788524,0.069744261,840.2107996,-777.0369389,-0.053644248
Industry1,Company15,2008,2,501,14521,0.016501563,239.6191891,553,0.278236595,14993.38507,4171.70841,2.478327,10338.85759,0.100826422,0.084324859,871.8227108,-610.4418999,-0.042038558
Industry1,Company15,2008,3,400,14782,0.015203125,224.7325938,452,0.278236595,15867.59929,4414.946798,2.478327,10941.68185,0.100713921,0.085510796,935.6319248,-760.3645185,-0.051438541
Industry1,Company15,2008,4,416,14484,0.003276271,47.45351186,467,0.278236595,12461.79778,3467.328183,2.478327,8593.173054,0.101388117,0.098111846,843.0920703,-474.5455821,-0.032763434
Industry1,Company15,2009,1,376,14565,0.002122951,30.92077869,429,0.278236595,12036.70893,3349.052908,2.478327,8300.048246,0.107556253,0.105433302,875.1014944,-530.0222731,-0.036390132
Industry1,Company15,2009,2,417,14836,0.001712698,25.40959365,471,0.278236595,11710.94725,3258.414088,2.478327,8075.415611,0.102903833,0.101191135,817.1604674,-425.5700611,-0.02868496
Industry1,Company15,2009,3,418,15068,0.0016,24.1088,473,0.278236595,12576.46717,3499.233403,2.478327,8672.244623,0.102039597,0.100439597,871.0367589,-477.1455589,-0.031666151
Industry1,Company15,2009,4,446,14875,0.000604839,8.996975806,502,0.278236595,13218.99082,3678.006998,2.478327,9115.304049,0.095550747,0.094945908,865.4608206,-428.4577965,-0.028803885
Industry1,Company15,2010,1,410,15092,0.001098361,16.57645902,466,0.278236595,13861.41821,3856.753807,2.478327,9558.297092,0.09520015,0.094101789,899.4528571,-506.0293162,-0.033529639
Industry1,Company15,2010,2,442,15689,0.001482813,23.26384531,494,0.278236595,12190.38688,3391.811737,2.478327,8406.018608,0.103149546,0.101666733,854.6124496,-435.8762949,-0.027782287
Industry1,Company15,2010,3,437,15382,0.001548438,23.81806563,499,0.278236595,11672.24979,3247.64704,2.478327,8048.731345,0.100597103,0.099048665,797.2160948,-384.0341604,-0.024966465
Industry1,Company15,2010,4,461,15451,0.001395161,21.5566371,503,0.278236595,11277.87115,3137.916469,2.478327,7776.783108,0.107965488,0.106570327,828.7743159,-389.330953,-0.025197784
Industry1,Company15,2011,1,390,15570,0.001267742,19.73874194,449,0.278236595,12160.54991,3383.51,2.478327,8385.444189,0.102875825,0.101608083,852.0289122,-481.7676541,-0.030942046
Industry1,Company15,2011,2,404,15577,0.000452381,7.046738095,468,0.278236595,12991.24036,3614.638484,2.478327,8958.25615,0.102217522,0.101765141,911.6382028,-514.6849409,-0.033041339
Industry1,Company15,2011,3,359,15453,0.00025,3.86325,405,0.278236595,9930.538,2763.039081,2.478327,6847.714356,0.116337392,0.116087392,794.9333036,-439.7965536,-0.02846027
Industry1,Company15,2011,4,354,15508,0.000147541,2.288065574,415,0.278236595,10049.94713,2796.263069,2.478327,6930.054264,0.10914018,0.108992639,755.3249059,-403.6129715,-0.026026114
Industry1,Company15,2012,1,325,15699,0.000706452,11.09058387,380,0.278236595,10669.97544,2968.777637,2.478327,7357.601775,0.108634865,0.107928414,794.094289,-480.1848729,-0.030586972
Industry1,Company15,2012,2,331,15725,0.000882812,13.88222656,387,0.278236595,10857.57426,3020.974492,2.478327,7486.96265,0.108132768,0.107249956,802.9764127,-485.8586393,-0.030897211
Industry1,Company15,2012,3,331,14200,0.001015873,14.42539683,385,0.278236595,10238.27401,2848.6625,2.478327,7059.917188,0.102387199,0.101371326,715.6731654,-399.0985622,-0.028105533
Industry1,Company15,2012,4,364,13791,0.000896721,12.36668361,427,0.278236595,10285.03339,2861.672671,2.478327,7092.160645,0.104164028,0.103267306,732.3883261,-380.7550097,-0.027608949
Industry1,Company15,2013,1,313,13880,0.000863333,11.98306667,367,0.278236595,10727.8017,2984.867017,2.478327,7397.47652,0.100945039,0.100081706,740.3520697,-439.3351364,-0.031652387
Industry1,Company15,2013,2,290,13862,0.000515625,7.14759375,342,0.278236595,11038.01337,3071.179257,2.478327,7611.386475,0.102776854,0.102261229,778.3497349,-495.4973287,-0.03574501
Industry1,Company15,2013,3,306,14075,0.000321875,4.530390625,358,0.278236595,11825.75874,3290.358847,2.478327,8154.585169,0.09258322,0.092261345,752.3529974,-450.883388,-0.032034344
Industry1,Company15,2013,4,306,14007,0.000601613,8.426791935,362,0.278236595,12376.63191,3443.631921,2.478327,8534.445967,0.089359988,0.088758375,757.5035523,-459.9303442,-0.03283575
Industry1,Company15,2014,1,286,14065,0.000493443,6.940270492,340,0.278236595,13625.95308,3791.23879,2.478327,9395.929456,0.089601528,0.089108085,837.2532818,-558.1935523,-0.039686708
Industry1,Company15,2014,2,239,14116,0.000330159,4.660520635,294,0.278236595,14048.46416,3908.796835,2.478327,9687.276733,0.085103456,0.084773298,821.222393,-586.8829136,-0.041575724
Industry1,Company15,2014,3,257,14041,0.000264063,3.707701563,313,0.278236595,13265.84483,3691.043497,2.478327,9147.612757,0.090842514,0.090578451,828.5765952,-575.2842967,-0.040971747
Industry1,Company15,2014,4,294,13715,0.000225806,3.096935484,343,0.278236595,13926.33466,3874.815938,2.478327,9603.06096,0.090356158,0.090130352,865.5272642,-574.6241997,-0.041897499
Industry1,Company15,2015,1,187,13782,0.000245902,3.389016393,239,0.278236595,14035.25304,3905.121016,2.478327,9678.166852,0.094954102,0.0947082,916.6017645,-732.9907809,-0.053184645
Industry1,Company15,2015,2,153,13633,0.000182813,2.492282813,205,0.278236595,12930.07256,3597.619363,2.478327,8916.077203,0.100453317,0.100270505,894.0195633,-743.5118461,-0.054537655
Industry1,Company15,2015,3,231,13036,0.000426563,5.56066875,276,0.278236595,11929.7939,3319.305234,2.478327,8226.323783,0.09680821,0.096381647,792.8666391,-567.4273078,-0.043527716
Industry1,Company15,2015,4,-96,12069,0.001254839,15.14464839,-42,0.278236595,12830.76602,3569.988649,2.478327,8847.599258,0.098200992,0.096946153,857.7407153,-968.8853636,-0.080278844
Industry1,Company15,2016,1,252,11911,0.002904918,34.60047869,302,0.278236595,12323.66438,3428.894416,2.478327,8497.921611,0.097374676,0.094469758,802.7965961,-585.3970748,-0.049147601
Industry1,Company15,2016,2,247,11700,0.00259375,30.346875,299,0.278236595,13963.70435,3885.213555,2.478327,9628.829653,0.091702641,0.089108891,858.0143303,-641.3612053,-0.054817197
Industry1,Company15,2016,3,215,11811,0.002982813,35.22999844,266,0.278236595,14601.52785,4062.679392,2.478327,10068.64803,0.087168539,0.084185727,847.6364495,-667.8664479,-0.056546139
Industry1,Company15,2016,4,282,11865,0.004332787,51.40851639,327,0.278236595,14780.79055,4112.556836,2.478327,10192.26065,0.088998814,0.084666027,862.9382171,-632.3467335,-0.053295131
Industry1,Company15,2017,1,237,12164,0.00606129,73.72953548,289,0.278236595,16042.38571,4463.578777,2.478327,11062.2078,0.091345978,0.085284688,943.4369398,-780.1664753,-0.064137329
Industry1,Company15,2017,2,294,12432,0.009080952,112.8944,348,0.278236595,16045.76463,4464.518917,2.478327,11064.53777,0.092081471,0.083000519,918.3623728,-737.2567728,-0.059303151
Industry1,Company15,2017,3,232,12468,0.010539683,131.4087619,291,0.278236595,17671.79511,4916.9401,2.478327,12185.78541,0.091797518,0.081257835,990.1905459,-889.5993078,-0.071350602
Industry1,Company15,2017,4,268,12729,0.012266129,156.1355565,328,0.278236595,18143.90252,5048.29766,2.478327,12511.33239,0.084131554,0.071865425,899.1322244,-787.2677808,-0.061848361
Industry1,Company15,2018,1,251,12873,0.015821311,203.6677426,307,0.278236595,19328.652,5377.938321,2.478327,13328.28974,0.096007901,0.08018659,1068.750104,-1021.417846,-0.079345751
Industry1,Company15,2018,2,321,13530,0.018746875,253.6452188,381,0.278236595,17649.6026,4910.765333,2.478327,12170.48231,0.10741298,0.088666105,1079.10926,-1011.754478,-0.074778602
Industry1,Company15,2018,3,272,13184,0.020746032,273.5156825,326,0.278236595,19593.41555,5451.605228,2.478327,13510.86043,0.103145618,0.082399587,1113.289316,-1114.804998,-0.084557418
Industry1,Company15,2018,4,276,13518,0.023567213,318.5815869,347,0.278236595,16007.53199,4453.881198,2.478327,11038.17403,0.103621847,0.080054634,883.6569806,-926.2385675,-0.068518906
Industry2,Company21,2008,1,n/a,n/a,0.021044262,0.021044262,n/a,10.24095341,n/a,10.24095341,1.381705,14.14997653,n/a,n/a,14.14997653,n/a,n/a
Industry2,Company21,2008,2,n/a,n/a,0.016501563,0.016501563,n/a,10.24095341,n/a,10.24095341,1.381705,14.14997653,n/a,n/a,14.14997653,n/a,n/a
Industry2,Company21,2008,3,n/a,n/a,0.015203125,0.015203125,n/a,10.24095341,n/a,10.24095341,1.381705,14.14997653,n/a,n/a,14.14997653,n/a,n/a
Industry2,Company21,2008,4,n/a,n/a,0.003276271,0.003276271,n/a,10.24095341,n/a,10.24095341,1.381705,14.14997653,n/a,n/a,14.14997653,n/a,n/a
Industry2,Company21,2009,1,n/a,n/a,0.002122951,0.002122951,n/a,10.24095341,n/a,10.24095341,1.381705,14.14997653,n/a,n/a,14.14997653,n/a,n/a
Industry2,Company21,2009,2,n/a,n/a,0.001712698,0.001712698,n/a,10.24095341,n/a,10.24095341,1.381705,14.14997653,n/a,n/a,14.14997653,n/a,n/a
Industry2,Company21,2009,3,n/a,n/a,0.0016,0.0016,n/a,10.24095341,n/a,10.24095341,1.381705,14.14997653,n/a,n/a,14.14997653,n/a,n/a
Industry2,Company21,2009,4,-22.925,130.424,0.000604839,0.078885484,-20.99,10.24095341,n/a,10.24095341,1.381705,14.14997653,0.10650936,0.105904521,1.498546491,-24.50243198,-0.187867509
Industry2,Company21,2010,1,-25.998,145.32,0.001098361,0.15961377,-23.857,10.24095341,n/a,10.24095341,1.381705,14.14997653,0.10401654,0.102918179,1.456289823,-27.61390359,-0.190021357
Industry2,Company21,2010,2,-31.362,147.974,0.001482813,0.219417697,-28.879,10.24095341,501.8166626,5139.081063,1.381705,7100.694,0.11748103,0.115998218,823.6678471,-855.2492648,-5.779726606
Industry2,Company21,2010,3,-37.834,361.621,0.001548438,0.559947517,-34.725,10.24095341,1863.686586,19085.9275,1.381705,26371.12146,0.029398826,0.027850389,734.4459839,-772.8399314,-2.137154456
Industry2,Company21,2010,4,-51.645,386.082,0.001395161,0.538646661,-48.755,10.24095341,2500.454893,25607.04207,1.381705,35381.37806,-0.001609603,-0.003004764,-106.3127008,54.12905411,0.140200927
Industry2,Company21,2011,1,-47.346,407.289,0.001267742,0.516337345,-43.829,10.24095341,2654.17181,27181.24986,1.381705,37556.46883,0.023005884,0.021738142,816.4078513,-864.2701886,-2.122007195
Industry2,Company21,2011,2,-58.739,646.155,0.000452381,0.292308214,-54.421,10.24095341,2844.40921,29129.4622,1.381705,40248.32357,0.040994967,0.040542586,1631.77113,-1690.802438,-2.616713386
Industry2,Company21,2011,3,-64.477,700.25,0.00025,0.1750625,-60.197,10.24095341,2488.826588,25487.95714,1.381705,35216.83782,0.093983951,0.093733951,3301.013356,-3365.665418,-4.806376892
Industry2,Company21,2011,4,-80.927,713.448,0.000147541,0.10526282,-76.123,10.24095341,2985.206511,30571.3608,1.381705,42240.60208,0.089563942,0.089416401,3777.002601,-3858.034864,-5.407590832
Industry2,Company21,2012,1,-88.763,761.1,0.000706452,0.537680323,-84.6,10.24095341,4038.665035,41359.78047,1.381705,57147.01547,0.091793783,0.091087331,5205.369109,-5294.669789,-6.956602009
Industry2,Company21,2012,2,-106.175,776.869,0.000882812,0.685829664,-101.827,10.24095341,3523.986653,36088.98314,1.381705,49864.32845,0.099654193,0.098771381,4925.16857,-5032.029399,-6.477320371
Industry2,Company21,2012,3,-108.46,809.177,0.001015873,0.822021079,-100.938,10.24095341,3485.83778,35698.30231,1.381705,49324.52279,0.105210446,0.104194573,5139.3476,-5248.629622,-6.486380139
Industry2,Company21,2012,4,-90.883,1114.19,0.000896721,0.999117918,-78.091,10.24095341,4133.21346,42328.04649,1.381705,58484.87348,0.112655383,0.111758661,6536.191172,-6628.07329,-5.948781886
Industry2,Company21,2013,1,-5.584,1143.778,0.000863333,0.987461673,12.266,10.24095341,4604.572806,47155.21559,1.381705,65154.59715,0.111372382,0.110509049,7200.172553,-7206.744014,-6.300824123
Industry2,Company21,2013,2,-11.792,1887.844,0.000515625,0.973419563,28.256,10.24095341,12884.31583,131947.6782,1.381705,182312.7667,0.116722671,0.116207046,21186.02803,-21198.79345,-11.22910233
Industry2,Company21,2013,3,-30.554,2166.209,0.000321875,0.697248522,-2.104,10.24095341,23504.89437,240712.5282,1.381705,332593.7038,0.105345902,0.105024027,34930.33008,-34961.58133,-16.13952362
Industry2,Company21,2013,4,-13.353,2416.93,0.000601613,1.454056274,24.232,10.24095341,18277.44353,187178.4477,1.381705,258625.3971,0.110270824,0.109669211,28363.24338,-28378.05043,-11.74136215
Industry2,Company21,2014,1,-43.967,4500.41,0.000493443,2.220694115,0.301,10.24095341,25404.08759,260162.0775,1.381705,359467.2433,0.108789256,0.108295813,38928.79733,-38974.98502,-8.660318732
Industry2,Company21,2014,2,-28.753,5054.463,0.000330159,1.668775086,25.962,10.24095341,29684.35441,303996.0906,1.381705,420032.9184,0.092985226,0.092655067,38918.1781,-38948.59988,-7.705783953
Industry2,Company21,2014,3,-39.129,5437.533,0.000264063,1.435848558,25.843,10.24095341,30459.78638,311937.2533,1.381705,431005.2625,0.090995297,0.090731235,39105.63961,-39146.20446,-7.199258278
Industry2,Company21,2014,4,-74.838,5830.667,0.000225806,1.316602226,-6.862,10.24095341,28536.54767,292241.4553,1.381705,403791.48,0.100765441,0.100539635,40597.04796,-40673.20256,-6.97573752
Industry2,Company21,2015,1,-102.446,6120.03,0.000245902,1.50492541,-25.334,10.24095341,24873.60494,254729.4294,1.381705,351960.9262,0.10864803,0.108402129,38153.31366,-38257.26459,-6.251156381
Industry2,Company21,2015,2,-170.188,6468.185,0.000182813,1.18246507,-78.799,10.24095341,35633.31804,364919.15,1.381705,504210.6142,0.102358762,0.10217595,51518.1983,-51689.56877,-7.991355963
Industry2,Company21,2015,3,-183.662,7547.497,0.000426563,3.219479189,-73.296,10.24095341,33722.9754,345355.42,1.381705,477179.3106,0.105576931,0.105150369,50175.58058,-50362.46206,-6.672736943
Industry2,Company21,2015,4,-260.333,8067.939,0.001254839,10.12396216,-116.61,10.24095341,32995.42625,337904.6231,1.381705,466884.5072,0.104406962,0.103152123,48160.12812,-48430.58508,-6.002844727
Industry2,Company21,2016,1,-248.224,9191.702,0.002904918,26.70114089,-91.764,10.24095341,32477.00366,332595.4815,1.381705,459548.8397,0.122339524,0.119434606,54886.03457,-55160.95971,-6.001169284
Industry2,Company21,2016,2,-238.04,11868.952,0.00259375,30.78509425,-54.808,10.24095341,31421.1512,321782.5456,1.381705,444608.5522,0.121635704,0.119041954,52927.0707,-53195.89579,-4.481937057
Industry2,Company21,2016,3,85.622,12592.397,0.002982813,37.56075918,366.09,10.24095341,30188.72875,309161.3647,1.381705,427169.8034,0.125602629,0.122619816,52379.4827,-52331.42146,-4.155795077
Industry2,Company21,2016,4,-266.698,22664.076,0.004332787,98.19861126,60.241,10.24095341,39137.51509,400805.4687,1.381705,553794.9202,0.117818059,0.113485272,62847.56696,-63212.46357,-2.789103936
Industry2,Company21,2017,1,-257.549,25053.726,0.00606129,151.8579069,119.053,10.24095341,50841.5552,520665.9982,1.381705,719406.8131,0.123582513,0.117521222,84545.568,-84954.9749,-3.390911791
Industry2,Company21,2017,2,-240.916,26043.705,0.009080952,236.5016449,148.255,10.24095341,66144.79343,677385.748,1.381705,935947.2749,0.12424416,0.115163208,107786.6907,-108264.1084,-4.157016383
Industry2,Company21,2017,3,-535.48,28107.074,0.010539683,296.2396371,-134.856,10.24095341,65155.0697,667250.0334,1.381705,921942.7074,0.130653682,0.120113999,110738.2257,-111569.9454,-3.969461402
Industry2,Company21,2017,4,-598.141,28655.372,0.012266129,351.4904904,-128.535,10.24095341,60796.87995,622618.0152,1.381705,860274.4247,0.143720869,0.13145474,113087.1505,-114036.782,-3.979595238
Industry2,Company21,2018,1,-596.974,27271.429,0.015821311,431.4697726,-180.741,10.24095341,54458.7615,557709.6394,1.381705,770590.1973,0.113728947,0.097907635,75446.66387,-76475.10764,-2.80422077
Industry2,Company21,2018,2,-621.392,27910,0.018746875,523.2252813,-136.137,10.24095341,68589.8912,702425.8804,1.381705,970545.351,0.105589312,0.086842437,84284.5237,-85429.14098,-3.06087929
Industry2,Company21,2018,3,416.757,29262.713,0.020746032,607.0851729,919.582,10.24095341,55584.98506,569243.2424,1.381705,786526.2343,0.105024976,0.084278944,66287.60078,-66477.92895,-2.271762326
Industry2,Company21,2018,4,413.536,29739.614,0.023567213,700.8798211,910.273,10.24095341,67118.3924,687356.3297,1.381705,949723.6775,0.09373414,0.070166927,66639.19229,-66926.53611,-2.250417107
Industry2,Company22,2008,1,n/a,n/a,0.021044262,0.021044262,n/a,10.24095341,n/a,10.24095341,1.381705,14.14997653,n/a,n/a,14.14997653,n/a,n/a
Industry2,Company22,2008,2,n/a,n/a,0.016501563,0.016501563,n/a,10.24095341,n/a,10.24095341,1.381705,14.14997653,n/a,n/a,14.14997653,n/a,n/a
Industry2,Company22,2008,3,n/a,n/a,0.015203125,0.015203125,n/a,10.24095341,n/a,10.24095341,1.381705,14.14997653,n/a,n/a,14.14997653,n/a,n/a
Industry2,Company22,2008,4,n/a,n/a,0.003276271,0.003276271,n/a,10.24095341,n/a,10.24095341,1.381705,14.14997653,n/a,n/a,14.14997653,n/a,n/a
Industry2,Company22,2009,1,n/a,n/a,0.002122951,0.002122951,n/a,10.24095341,n/a,10.24095341,1.381705,14.14997653,n/a,n/a,14.14997653,n/a,n/a
Industry2,Company22,2009,2,n/a,n/a,0.001712698,0.001712698,n/a,10.24095341,n/a,10.24095341,1.381705,14.14997653,n/a,n/a,14.14997653,n/a,n/a
Industry2,Company22,2009,3,n/a,n/a,0.0016,0.0016,n/a,10.24095341,n/a,10.24095341,1.381705,14.14997653,n/a,n/a,14.14997653,n/a,n/a
Industry2,Company22,2009,4,-22.925,130.424,0.000604839,0.078885484,-20.99,10.24095341,n/a,10.24095341,1.381705,14.14997653,0.10650936,0.105904521,1.498546491,-24.50243198,-0.187867509
Industry2,Company22,2010,1,-25.998,145.32,0.001098361,0.15961377,-23.857,10.24095341,n/a,10.24095341,1.381705,14.14997653,0.10401654,0.102918179,1.456289823,-27.61390359,-0.190021357
Industry2,Company22,2010,2,-31.362,147.974,0.001482813,0.219417697,-28.879,10.24095341,501.8166626,5139.081063,1.381705,7100.694,0.11748103,0.115998218,823.6678471,-855.2492648,-5.779726606
Industry2,Company22,2010,3,-37.834,361.621,0.001548438,0.559947517,-34.725,10.24095341,1863.686586,19085.9275,1.381705,26371.12146,0.029398826,0.027850389,734.4459839,-772.8399314,-2.137154456
Industry2,Company22,2010,4,-51.645,386.082,0.001395161,0.538646661,-48.755,10.24095341,2500.454893,25607.04207,1.381705,35381.37806,-0.001609603,-0.003004764,-106.3127008,54.12905411,0.140200927
Industry2,Company22,2011,1,-47.346,407.289,0.001267742,0.516337345,-43.829,10.24095341,2654.17181,27181.24986,1.381705,37556.46883,0.023005884,0.021738142,816.4078513,-864.2701886,-2.122007195
Industry2,Company22,2011,2,-58.739,646.155,0.000452381,0.292308214,-54.421,10.24095341,2844.40921,29129.4622,1.381705,40248.32357,0.040994967,0.040542586,1631.77113,-1690.802438,-2.616713386
Industry2,Company22,2011,3,-64.477,700.25,0.00025,0.1750625,-60.197,10.24095341,2488.826588,25487.95714,1.381705,35216.83782,0.093983951,0.093733951,3301.013356,-3365.665418,-4.806376892
Industry2,Company22,2011,4,-80.927,713.448,0.000147541,0.10526282,-76.123,10.24095341,2985.206511,30571.3608,1.381705,42240.60208,0.089563942,0.089416401,3777.002601,-3858.034864,-5.407590832
Industry2,Company22,2012,1,-88.763,761.1,0.000706452,0.537680323,-84.6,10.24095341,4038.665035,41359.78047,1.381705,57147.01547,0.091793783,0.091087331,5205.369109,-5294.669789,-6.956602009
Industry2,Company22,2012,2,-106.175,776.869,0.000882812,0.685829664,-101.827,10.24095341,3523.986653,36088.98314,1.381705,49864.32845,0.099654193,0.098771381,4925.16857,-5032.029399,-6.477320371
Industry2,Company22,2012,3,-108.46,809.177,0.001015873,0.822021079,-100.938,10.24095341,3485.83778,35698.30231,1.381705,49324.52279,0.105210446,0.104194573,5139.3476,-5248.629622,-6.486380139
Industry2,Company22,2012,4,-90.883,1114.19,0.000896721,0.999117918,-78.091,10.24095341,4133.21346,42328.04649,1.381705,58484.87348,0.112655383,0.111758661,6536.191172,-6628.07329,-5.948781886
Industry2,Company22,2013,1,-5.584,1143.778,0.000863333,0.987461673,12.266,10.24095341,4604.572806,47155.21559,1.381705,65154.59715,0.111372382,0.110509049,7200.172553,-7206.744014,-6.300824123
Industry2,Company22,2013,2,-11.792,1887.844,0.000515625,0.973419563,28.256,10.24095341,12884.31583,131947.6782,1.381705,182312.7667,0.116722671,0.116207046,21186.02803,-21198.79345,-11.22910233
Industry2,Company22,2013,3,-30.554,2166.209,0.000321875,0.697248522,-2.104,10.24095341,23504.89437,240712.5282,1.381705,332593.7038,0.105345902,0.105024027,34930.33008,-34961.58133,-16.13952362
Industry2,Company22,2013,4,-13.353,2416.93,0.000601613,1.454056274,24.232,10.24095341,18277.44353,187178.4477,1.381705,258625.3971,0.110270824,0.109669211,28363.24338,-28378.05043,-11.74136215
Industry2,Company22,2014,1,-43.967,4500.41,0.000493443,2.220694115,0.301,10.24095341,25404.08759,260162.0775,1.381705,359467.2433,0.108789256,0.108295813,38928.79733,-38974.98502,-8.660318732
Industry2,Company22,2014,2,-28.753,5054.463,0.000330159,1.668775086,25.962,10.24095341,29684.35441,303996.0906,1.381705,420032.9184,0.092985226,0.092655067,38918.1781,-38948.59988,-7.705783953
Industry2,Company22,2014,3,-39.129,5437.533,0.000264063,1.435848558,25.843,10.24095341,30459.78638,311937.2533,1.381705,431005.2625,0.090995297,0.090731235,39105.63961,-39146.20446,-7.199258278
Industry2,Company22,2014,4,-74.838,5830.667,0.000225806,1.316602226,-6.862,10.24095341,28536.54767,292241.4553,1.381705,403791.48,0.100765441,0.100539635,40597.04796,-40673.20256,-6.97573752
Industry2,Company22,2015,1,-102.446,6120.03,0.000245902,1.50492541,-25.334,10.24095341,24873.60494,254729.4294,1.381705,351960.9262,0.10864803,0.108402129,38153.31366,-38257.26459,-6.251156381
Industry2,Company22,2015,2,-170.188,6468.185,0.000182813,1.18246507,-78.799,10.24095341,35633.31804,364919.15,1.381705,504210.6142,0.102358762,0.10217595,51518.1983,-51689.56877,-7.991355963
Industry2,Company22,2015,3,-183.662,7547.497,0.000426563,3.219479189,-73.296,10.24095341,33722.9754,345355.42,1.381705,477179.3106,0.105576931,0.105150369,50175.58058,-50362.46206,-6.672736943
Industry2,Company22,2015,4,-260.333,8067.939,0.001254839,10.12396216,-116.61,10.24095341,32995.42625,337904.6231,1.381705,466884.5072,0.104406962,0.103152123,48160.12812,-48430.58508,-6.002844727
Industry2,Company22,2016,1,-248.224,9191.702,0.002904918,26.70114089,-91.764,10.24095341,32477.00366,332595.4815,1.381705,459548.8397,0.122339524,0.119434606,54886.03457,-55160.95971,-6.001169284
Industry2,Company22,2016,2,-238.04,11868.952,0.00259375,30.78509425,-54.808,10.24095341,31421.1512,321782.5456,1.381705,444608.5522,0.121635704,0.119041954,52927.0707,-53195.89579,-4.481937057
Industry2,Company22,2016,3,85.622,12592.397,0.002982813,37.56075918,366.09,10.24095341,30188.72875,309161.3647,1.381705,427169.8034,0.125602629,0.122619816,52379.4827,-52331.42146,-4.155795077
Industry2,Company22,2016,4,-266.698,22664.076,0.004332787,98.19861126,60.241,10.24095341,39137.51509,400805.4687,1.381705,553794.9202,0.117818059,0.113485272,62847.56696,-63212.46357,-2.789103936
Industry2,Company22,2017,1,-257.549,25053.726,0.00606129,151.8579069,119.053,10.24095341,50841.5552,520665.9982,1.381705,719406.8131,0.123582513,0.117521222,84545.568,-84954.9749,-3.390911791
Industry2,Company22,2017,2,-240.916,26043.705,0.009080952,236.5016449,148.255,10.24095341,66144.79343,677385.748,1.381705,935947.2749,0.12424416,0.115163208,107786.6907,-108264.1084,-4.157016383
Industry2,Company22,2017,3,-535.48,28107.074,0.010539683,296.2396371,-134.856,10.24095341,65155.0697,667250.0334,1.381705,921942.7074,0.130653682,0.120113999,110738.2257,-111569.9454,-3.969461402
Industry2,Company22,2017,4,-598.141,28655.372,0.012266129,351.4904904,-128.535,10.24095341,60796.87995,622618.0152,1.381705,860274.4247,0.143720869,0.13145474,113087.1505,-114036.782,-3.979595238
Industry2,Company22,2018,1,-596.974,27271.429,0.015821311,431.4697726,-180.741,10.24095341,54458.7615,557709.6394,1.381705,770590.1973,0.113728947,0.097907635,75446.66387,-76475.10764,-2.80422077
Industry2,Company22,2018,2,-621.392,27910,0.018746875,523.2252813,-136.137,10.24095341,68589.8912,702425.8804,1.381705,970545.351,0.105589312,0.086842437,84284.5237,-85429.14098,-3.06087929
Industry2,Company22,2018,3,416.757,29262.713,0.020746032,607.0851729,919.582,10.24095341,55584.98506,569243.2424,1.381705,786526.2343,0.105024976,0.084278944,66287.60078,-66477.92895,-2.271762326
Industry2,Company22,2018,4,413.536,29739.614,0.023567213,700.8798211,910.273,10.24095341,67118.3924,687356.3297,1.381705,949723.6775,0.09373414,0.070166927,66639.19229,-66926.53611,-2.250417107
Industry2,Company23,2008,1,381,288869,0.021044262,6079.035005,3717,0.652660834,9332.240355,6090.787772,2.628351,16008.72813,0.123084297,0.102040035,1633.531179,-15557.152,-0.053855388
Industry2,Company23,2008,2,-8722,270450,0.016501563,4462.847578,-3110,0.652660834,10718.0947,6995.280627,2.628351,18386.05283,0.145528953,0.129027391,2372.304422,-8191.816777,-0.03028958
Industry2,Company23,2008,3,-149,246549,0.015203125,3748.315266,2747,0.652660834,17934.04878,11704.85123,2.628351,30764.45744,0.15479608,0.139592955,4294.501511,-11078.88957,-0.044935853
Industry2,Company23,2008,4,-4546,222947,0.003276271,730.4348322,-3290,0.652660834,15236.57472,9944.315561,2.628351,26137.15175,0.225276541,0.22200027,5802.454736,-10318.76766,-0.046283501
Industry2,Company23,2009,1,-2569,207270,0.002122951,440.0240164,-134,0.652660834,19203.64679,12533.46813,2.628351,32942.35348,0.224017954,0.221895003,7309.743639,-10559.29958,-0.05094466
Industry2,Company23,2009,2,-1385,204328,0.001712698,349.9522413,779,0.652660834,25417.2288,16588.82974,2.628351,43601.26725,0.204100104,0.202387405,8824.347342,-8550.770018,-0.041848254
Industry2,Company23,2009,3,1013,205896,0.0016,329.4336,3075,0.652660834,27390.19732,17876.50902,2.628351,46985.74036,0.198134871,0.196534871,9234.336418,-10962.89291,-0.053244808
Industry2,Company23,2009,4,1020,195006,0.000604839,117.9471774,2500,0.652660834,40191.65681,26231.52025,2.628351,68945.64248,0.172696146,0.172091307,11864.94574,-12959.61404,-0.066457514
Industry2,Company23,2010,1,2220,195485,0.001098361,214.7130328,3780,0.652660834,51817.71959,33819.39608,2.628351,88889.2435,0.169452825,0.168354465,14964.90101,-10000.48503,-0.051157301
Industry2,Company23,2010,2,3115,183156,0.001482813,271.5860063,4609,0.652660834,37472.33668,24456.7265,2.628351,64280.86156,0.20129188,0.199809068,12843.89903,-12333.63417,-0.067339504
Industry2,Company23,2010,3,1988,180330,0.001548438,279.2297344,3314,0.652660834,42909.29845,28005.21851,2.628351,73607.54407,0.192322421,0.190773984,14042.40443,-14412.20034,-0.079921257
Industry2,Company23,2010,4,1457,165793,0.001395161,231.3079758,3680,0.652660834,60829.7166,39701.17356,2.628351,104348.6192,0.151257157,0.149861996,15637.89237,-8934.549565,-0.053889788
Industry2,Company23,2011,1,2735,168266,0.001267742,213.3178645,4065,0.652660834,51056.93956,33322.86475,2.628351,87584.1849,0.132070257,0.130802515,11456.2317,-7313.063942,-0.043461329
Industry2,Company23,2011,2,2421,168844,0.000452381,76.38180952,3699,0.652660834,42908.63823,28004.78761,2.628351,73606.41151,0.131659458,0.131207077,9657.682132,-5324.565442,-0.031535414
Industry2,Company23,2011,3,1649,163817,0.00025,40.95425,2930,0.652660834,27181.96899,17740.60655,2.628351,46628.54097,0.14892742,0.14867742,6932.611192,-5877.6776,-0.035879534
Industry2,Company23,2011,4,1368,179248,0.000147541,26.44642623,2935,0.652660834,30483.44536,19895.35087,2.628351,52291.96536,0.138203763,0.138056222,7219.231173,-6756.401098,-0.037693035
Industry2,Company23,2012,1,1823,183108,0.000706452,129.3569419,3323,0.652660834,37123.18454,24228.84858,2.628351,63681.91839,0.133397871,0.13269142,8450.044156,-4466.614132,-0.024393331
Industry2,Company23,2012,2,1583,182389,0.000882812,161.0152891,3082,0.652660834,25134.13103,16404.06292,2.628351,43115.63518,0.13745969,0.136576878,5888.598843,-4309.442116,-0.023627752
Industry2,Company23,2012,3,1784,185860,0.001015873,188.8101587,3237,0.652660834,26222.84728,17114.62537,2.628351,44983.24272,0.132278797,0.131262924,5904.631957,-8145.105035,-0.043823873
Industry2,Company23,2012,4,609,191218,0.000896721,171.4692557,1485,0.652660834,39573.10729,25827.8172,2.628351,67884.56917,0.12732657,0.126429848,8582.635779,-7382.090547,-0.038605626
Industry2,Company23,2013,1,1774,194618,0.000863333,168.0202067,3257,0.652660834,42852.35972,27968.05683,2.628351,73509.87013,0.123133585,0.122270252,8988.07034,-9286.775907,-0.04771797
Industry2,Company23,2013,2,1438,197899,0.000515625,102.0416719,3096,0.652660834,49441.66186,32268.63626,2.628351,84813.30238,0.12576407,0.125248445,10622.73424,-9937.841807,-0.050216736
Industry2,Company23,2013,3,1702,202742,0.000321875,65.25758125,3535,0.652660834,54735.64662,35723.81277,2.628351,93894.71902,0.123593816,0.123271941,11574.58423,-9273.700687,-0.045741389
Industry2,Company23,2013,4,564,203905,0.000601613,122.671879,2335,0.652660834,51657.17928,33714.6177,2.628351,88613.84916,0.110234914,0.109633301,9715.028808,-9398.878853,-0.046094401
Industry2,Company23,2014,1,766,209022,0.000493443,103.1403639,2472,0.652660834,51520.43024,33625.36697,2.628351,88379.26689,0.114340715,0.113847273,10061.73849,-8219.996028,-0.039325985
Industry2,Company23,2014,2,1901,213032,0.000330159,70.3343746,3643,0.652660834,54767.61918,35744.68,2.628351,93949.56543,0.10730949,0.106979331,10050.66165,-7941.240612,-0.037277219
Industry2,Company23,2014,3,492,210598,0.000264063,55.61103438,2400,0.652660834,47399.0869,30935.52758,2.628351,81309.42485,0.103297992,0.10303393,8377.629578,-11772.00327,-0.055897982
Industry2,Company23,2014,4,-2827,210531,0.000225806,47.53925806,-760,0.652660834,52109.09829,34009.56754,2.628351,89389.08086,0.09976217,0.099536363,8897.464015,-8453.654341,-0.040153965
Industry2,Company23,2015,1,1243,214617,0.000245902,52.77467213,3159,0.652660834,56203.24968,36681.65981,2.628351,96412.27723,0.100273408,0.100027506,9643.879669,-5496.140744,-0.025609065
Industry2,Company23,2015,2,2648,218655,0.000182813,39.97286719,3648,0.652660834,49890.24817,32561.41097,2.628351,85582.8171,0.094876679,0.094693867,8104.167877,-4082.765957,-0.018672182
Industry2,Company23,2015,3,2640,222499,0.000426563,94.90972969,3740,0.652660834,42191.31146,27536.61652,2.628351,72375.89357,0.092002029,0.091575467,6627.856227,-7336.485066,-0.032973115
Industry2,Company23,2015,4,450,224925,0.001254839,282.2445968,4400,0.652660834,45311.44176,29573.00337,2.628351,77728.23297,0.09779943,0.096544591,7504.24047,-5361.436872,-0.023836554
Industry2,Company23,2016,1,2451,240703,0.002904918,699.2224852,3551,0.652660834,40169.27463,26216.91228,2.628351,68907.24761,0.106133746,0.103228828,7113.214387,-4607.238115,-0.019140759
Industry2,Company23,2016,2,2218,239678,0.00259375,621.6648125,3318,0.652660834,35912.63772,23438.77208,2.628351,61605.32005,0.103292412,0.100698662,6203.573302,-6063.858863,-0.025300023
Industry2,Company23,2016,3,762,234963,0.002982813,700.8505734,1962,0.652660834,36910.7355,24090.19141,2.628351,63317.47869,0.099717686,0.096734873,6125.00829,-6975.3738,-0.029687116
Industry2,Company23,2016,4,355,237951,0.004332787,1030.990972,5672,0.652660834,36758.22466,23990.65356,2.628351,63055.85827,0.104234414,0.099901627,6299.382828,-6284.034858,-0.026408945
Industry2,Company23,2017,1,1464,244094,0.00606129,1479.5246,2664,0.652660834,34645.32061,22611.64384,2.628351,59431.33671,0.111536122,0.105474832,6268.510258,-6524.751857,-0.026730488
Industry2,Company23,2017,2,1552,247469,0.009080952,2247.254205,2752,0.652660834,32314.94003,21090.69571,2.628351,55433.75115,0.114242475,0.105161522,5829.497652,-8845.058231,-0.035742086
Industry2,Company23,2017,3,998,251273,0.010539683,2648.337651,2298,0.652660834,37709.45724,24611.48581,2.628351,64687.62333,0.121762204,0.111222522,7194.720581,-9717.706791,-0.0386739
Industry2,Company23,2017,4,867,258496,0.012266129,3170.74529,5620,0.652660834,39196.16218,25581.7999,2.628351,67237.94934,0.122530668,0.110264539,7413.9615,-8259.66579,-0.03195278
Industry2,Company23,2018,1,1121,267230,0.015821311,4227.929066,2421,0.652660834,32512.2866,21219.49608,2.628351,55772.28375,0.108210154,0.092388842,5152.736724,-9685.560921,-0.036244287
Industry2,Company23,2018,2,586,258079,0.018746875,4838.174753,1986,0.652660834,34747.99278,22678.65394,2.628351,59607.46277,0.109899659,0.091152784,5433.386168,-8533.684639,-0.033066172
Industry2,Company23,2018,3,864,258966,0.020746032,5372.516857,2264,0.652660834,27982.60631,18263.15117,2.628351,48001.97164,0.104600249,0.083854218,4025.167782,-7920.689456,-0.030585828
Industry2,Company23,2018,4,632,256540,0.023567213,6045.932852,4840,0.652660834,21080.92079,13758.69134,2.628351,36162.67015,0.092886116,0.069318902,2506.756604,0,0
Industry2,Company24,2008,1,n/a,n/a,0.021044262,0.021044262,n/a,0.36616231,n/a,0.36616231,2.478327,0.907469939,n/a,n/a,0.907469939,n/a,n/a
Industry2,Company24,2008,2,n/a,n/a,0.016501563,0.016501563,n/a,0.36616231,n/a,0.36616231,2.478327,0.907469939,n/a,n/a,0.907469939,n/a,n/a
Industry2,Company24,2008,3,n/a,n/a,0.015203125,0.015203125,n/a,0.36616231,n/a,0.36616231,2.478327,0.907469939,n/a,n/a,0.907469939,n/a,n/a
Industry2,Company24,2008,4,n/a,n/a,0.003276271,0.003276271,n/a,0.36616231,n/a,0.36616231,2.478327,0.907469939,n/a,n/a,0.907469939,n/a,n/a
Industry2,Company24,2009,1,n/a,n/a,0.002122951,0.002122951,n/a,0.36616231,n/a,0.36616231,2.478327,0.907469939,n/a,n/a,0.907469939,n/a,n/a
Industry2,Company24,2009,2,n/a,n/a,0.001712698,0.001712698,n/a,0.36616231,n/a,0.36616231,2.478327,0.907469939,n/a,n/a,0.907469939,n/a,n/a
Industry2,Company24,2009,3,n/a,n/a,0.0016,0.0016,n/a,0.36616231,n/a,0.36616231,2.478327,0.907469939,n/a,n/a,0.907469939,n/a,n/a
Industry2,Company24,2009,4,1237,6073.3,0.000604839,3.673366935,n/a,0.36616231,2811.721489,1029.546435,2.478327,2551.552728,-0.008281874,-0.008886713,-22.67491652,-184.1071166,-0.030314181
Industry2,Company24,2010,1,120.2,6233.3,0.001098361,6.846411475,178.7,0.36616231,3334.995889,1221.149798,2.478327,3026.408517,0.099386713,0.098288352,297.4607052,-131.6296884,-0.021117175
Industry2,Company24,2010,2,173.4,6305.3,0.001482813,9.349577656,230.5,0.36616231,2378.507953,870.9199664,2.478327,2158.424467,0.138471674,0.136988862,295.6801108,-283.3317197,-0.044935486
Industry2,Company24,2010,3,118.8,6636.3,0.001548438,10.27589578,177.5,0.36616231,3339.220752,1222.696784,2.478327,3030.242453,0.130863444,0.129315007,391.8558239,-399.9197052,-0.060262451
Industry2,Company24,2010,4,126,6621.1,0.001395161,9.237502419,187.6,0.36616231,4360.397222,1596.613119,2.478327,3956.929402,0.131971715,0.130576553,516.6822028,-255.0366579,-0.038518775
Industry2,Company24,2011,1,199.1,7363,0.001267742,9.334383871,260.6,0.36616231,4219.7197,1545.102313,2.478327,3829.26878,0.117426283,0.116158541,444.802274,-275.375981,-0.03739997
Industry2,Company24,2011,2,220.2,7539,0.000452381,3.4105,284.5,0.36616231,4628.485933,1694.777101,2.478327,4200.211848,0.117628728,0.117176347,492.165481,-276.8179737,-0.036718129
Industry2,Company24,2011,3,158.5,7215.9,0.00025,1.803975,222,0.36616231,3523.469743,1290.16182,2.478327,3197.442874,0.135831468,0.135581468,433.5139987,-276.9487179,-0.038380343
Industry2,Company24,2011,4,101.8,7010.9,0.000147541,1.034395082,158.8,0.36616231,3343.764252,1224.360443,2.478327,3034.365543,0.124626388,0.124478847,377.7143228,-288.6581876,-0.041172772
Industry2,Company24,2012,1,186.8,7536,0.000706452,5.323819355,240.5,0.36616231,4195.570443,1536.259765,2.478327,3807.354055,0.124187053,0.123480601,470.1343683,-181.5886124,-0.024096153
Industry2,Company24,2012,2,190,7503.6,0.000882812,6.624271875,246.6,0.36616231,3195.192651,1169.959122,2.478327,2899.541281,0.126752495,0.125869683,364.9643405,-185.6534717,-0.02474192
Industry2,Company24,2012,3,169.6,7462.3,0.001015873,7.580749206,232.9,0.36616231,3153.147229,1154.563673,2.478327,2861.386324,0.122520865,0.121504992,347.6727225,-342.3913777,-0.045882821
Industry2,Company24,2012,4,158.8,8194.1,0.000896721,7.347824098,224.7,0.36616231,4401.51744,1611.669793,2.478327,3994.244764,0.124535502,0.123638781,493.8435536,-331.7953649,-0.040491984
Industry2,Company24,2013,1,174.2,8824.2,0.000863333,7.618226,240.6,0.36616231,4653.137507,1703.803578,2.478327,4222.58241,0.118889956,0.118026622,498.3771389,-378.3165022,-0.042872612
Industry2,Company24,2013,2,201.2,8166.8,0.000515625,4.21100625,270.2,0.36616231,5212.191799,1908.508189,2.478327,4729.907375,0.122147076,0.121631451,575.3054959,-436.8320576,-0.053488766
Industry2,Company24,2013,3,193,8464.2,0.000321875,2.724414375,265.9,0.36616231,6078.152516,2225.590366,2.478327,5515.740694,0.11401606,0.113694185,627.1076432,-510.6278414,-0.060327951
Industry2,Company24,2013,4,168.2,8330.9,0.000601613,5.011976935,245.4,0.36616231,6561.433085,2402.549495,2.478327,5954.303283,0.113766131,0.113164519,673.8158645,-537.6905677,-0.064541714
Industry2,Company24,2014,1,215.3,8998.2,0.000493443,4.44009541,289.8,0.36616231,6971.54736,2552.717885,2.478327,6326.469659,0.118813851,0.118320408,748.5504723,-515.9685771,-0.05734131
Industry2,Company24,2014,2,232.8,8961.8,0.000330159,2.958816508,311,0.36616231,7362.542175,2695.88545,2.478327,6681.2857,0.111956842,0.111626683,745.8097606,-532.0310302,-0.059366537
Industry2,Company24,2014,3,224.5,8691.2,0.000264063,2.29502,304.4,0.36616231,7548.078658,2763.821917,2.478327,6849.654481,0.110377063,0.110113001,754.2360102,-662.1876513,-0.076190589
Industry2,Company24,2014,4,256.6,9113.1,0.000225806,2.057796774,334.9,0.36616231,8323.296289,3047.677396,2.478327,7553.141177,0.121596483,0.121370677,916.7298545,-818.4983779,-0.089815582
Industry2,Company24,2015,1,260.7,9618.4,0.000245902,2.365180328,345.2,0.36616231,9840.656038,3603.277346,2.478327,8930.099536,0.120830582,0.12058468,1076.833198,-783.8387126,-0.08149367
Industry2,Company24,2015,2,285.5,9825.4,0.000182813,1.796205938,370.4,0.36616231,10021.99486,3669.676789,2.478327,9094.659068,0.117564069,0.117381256,1067.542507,-649.4629141,-0.066100404
Industry2,Company24,2015,3,302.6,9638.7,0.000426563,4.111507969,390.6,0.36616231,9164.477012,3355.686073,2.478327,8316.487397,0.114411152,0.11398459,947.9514061,-655.3182195,-0.067988237
Industry2,Company24,2015,4,338,9405.8,0.001254839,11.80276194,428.4,0.36616231,9994.939283,3659.770056,2.478327,9070.106943,0.109469159,0.10821432,981.5154576,-531.7488112,-0.05653414
Industry2,Company24,2016,1,373.5,9959.5,0.002904918,28.93153115,463.7,0.36616231,8715.413013,3191.255761,2.478327,7908.975317,0.113705274,0.110800356,876.3172801,-428.0621384,-0.042980284
Industry2,Company24,2016,2,372.8,10140.5,0.00259375,26.30192188,467.3,0.36616231,8052.831378,2948.643339,2.478327,7307.702401,0.108586054,0.105992304,774.5602166,-568.481765,-0.056060526
Industry2,Company24,2016,3,345.1,10277.4,0.002982813,30.65555719,443.8,0.36616231,9283.949758,3399.432489,2.478327,8424.905323,0.107782353,0.104799541,882.9262078,-526.7871691,-0.051256852
Industry2,Company24,2016,4,335.8,9900.6,0.004332787,42.89718984,430.6,0.36616231,9996.966584,3660.512377,2.478327,9071.946658,0.094687152,0.090354365,819.6899793,-537.6433403,-0.054304117
Industry2,Company24,2017,1,416.7,10600.5,0.00606129,64.25270806,513.6,0.36616231,10622.36893,3889.511144,2.478327,9639.480485,0.09839932,0.092338029,890.0906323,-570.7420533,-0.05384105
Industry2,Company24,2017,2,409.1,11237.2,0.009080952,102.0444781,513.7,0.36616231,10561.10229,3867.07761,2.478327,9583.882852,0.100671969,0.091591017,877.7975752,-865.192479,-0.0769936
Industry2,Company24,2017,3,385.2,11712,0.010539683,123.4407619,496.9,0.36616231,12707.32894,4652.944917,2.478327,11531.51902,0.108267633,0.09772795,1126.951717,-845.6313336,-0.072202129
Industry2,Company24,2017,4,397.3,11945.9,0.012266129,146.5299508,511.8,0.36616231,12569.51915,4602.484167,2.478327,11406.46078,0.108387214,0.096121085,1096.401383,-762.5088698,-0.063830174
Industry2,Company24,2018,1,462.9,12681.2,0.015821311,200.6332151,583.1,0.36616231,13370.14724,4895.643999,2.478327,12133.00671,0.100283117,0.084461806,1024.775655,-789.862358,-0.062286089
Industry2,Company24,2018,2,468.2,12282.4,0.018746875,230.2566175,590,0.36616231,13129.39001,4807.487776,2.478327,11914.52676,0.105011799,0.086264924,1027.805741,-617.4013159,-0.050267156
Industry2,Company24,2018,3,363.3,12009.4,0.020746032,249.1473937,483.1,0.36616231,10428.61166,3818.564535,2.478327,9463.651589,0.098047475,0.077301443,731.5539222,-524.8526101,-0.043703483
Industry2,Company24,2018,4,359.7,11600.7,0.023567213,273.3961692,482.3,0.36616231,8521.360853,3120.201174,2.478327,7732.878815,0.102600708,0.079033495,611.1564409,0,0